PRAGMA foreign_keys=ON;
BEGIN TRANSACTION;
CREATE TABLE IF NOT EXISTS "migrations" ("id" integer primary key autoincrement not null, "migration" varchar not null, "batch" integer not null);
INSERT INTO migrations VALUES(178,'0001_01_01_000000_create_users_table',1);
INSERT INTO migrations VALUES(179,'0001_01_01_000001_create_cache_table',1);
INSERT INTO migrations VALUES(180,'0001_01_01_000002_create_jobs_table',1);
INSERT INTO migrations VALUES(181,'2025_03_31_021759_create_personal_access_tokens_table',1);
INSERT INTO migrations VALUES(182,'2025_04_02_194203_create_categories_table',1);
INSERT INTO migrations VALUES(183,'2025_04_05_014038_create_posts_table',1);
INSERT INTO migrations VALUES(184,'2025_04_06_110006_create_events_table',1);
INSERT INTO migrations VALUES(185,'2025_04_07_180638_create_resources_table',1);
INSERT INTO migrations VALUES(186,'2025_04_12_163512_create_services_table',1);
INSERT INTO migrations VALUES(187,'2025_04_12_233259_create_podcasts_table',1);
INSERT INTO migrations VALUES(188,'2025_04_16_154312_create_quizzes_table',1);
INSERT INTO migrations VALUES(189,'2025_04_18_214837_create_questions_table',1);
INSERT INTO migrations VALUES(190,'2025_05_02_171944_create_options_table',1);
CREATE TABLE IF NOT EXISTS "users" ("id" integer primary key autoincrement not null, "name" varchar not null, "business_name" varchar not null default 'my business', "image" varchar, "email" varchar not null, "email_ve
            rified_at" datetime, "password" varchar not null, "isadmin" tinyint(1) not null default '0', "remember_token" varchar, "created_at" datetime, "updated_at" datetime);
INSERT INTO users VALUES(1,'Lillian Raynor','my business',NULL,'kgreen@example.com',NULL,'$2y$12$w3LM77NdE2mTemMxPb08e.Wls6m/mI22bcNLd84KbDgLmMIMcNa96',0,'0OjJ5jaVK6','2025-05-04 23:43:39','2025-05-04 23:43:39');
INSERT INTO users VALUES(2,'Brenda Jerde','my business',NULL,'mayer.stefan@example.org',NULL,'$2y$12$w3LM77NdE2mTemMxPb08e.Wls6m/mI22bcNLd84KbDgLmMIMcNa96',0,'HihnMgraa3','2025-05-04 23:43:39','2025-05-04 23:43:39');
INSERT INTO users VALUES(3,'Miss Felicita Spinka','my business',NULL,'oconnelly@example.net',NULL,'$2y$12$w3LM77NdE2mTemMxPb08e.Wls6m/mI22bcNLd84KbDgLmMIMcNa96',0,'bx8B3KBO6P','2025-05-04 23:43:39','2025-05-04 23:43:39');
INSERT INTO users VALUES(4,'Richie Stiedemann','my business',NULL,'kian.romaguera@example.com',NULL,'$2y$12$w3LM77NdE2mTemMxPb08e.Wls6m/mI22bcNLd84KbDgLmMIMcNa96',0,'dsxYGxYPoE','2025-05-04 23:43:39','2025-05-04 23:43:39');
INSERT INTO users VALUES(5,'Moriah Jaskolski DVM','my business',NULL,'lavern91@example.net',NULL,'$2y$12$w3LM77NdE2mTemMxPb08e.Wls6m/mI22bcNLd84KbDgLmMIMcNa96',0,'if1X1mcI82','2025-05-04 23:43:40','2025-05-04 23:43:40');
INSERT INTO users VALUES(6,'Rosalyn Ward','my business',NULL,'pagac.tamia@example.org',NULL,'$2y$12$w3LM77NdE2mTemMxPb08e.Wls6m/mI22bcNLd84KbDgLmMIMcNa96',0,'Kb7p3SYnLC','2025-05-04 23:43:40','2025-05-04 23:43:40');
INSERT INTO users VALUES(7,'Juanita O''Connell','my business',NULL,'daren94@example.org',NULL,'$2y$12$w3LM77NdE2mTemMxPb08e.Wls6m/mI22bcNLd84KbDgLmMIMcNa96',0,'1sllbdYeq7','2025-05-04 23:43:40','2025-05-04 23:43:40');
INSERT INTO users VALUES(8,'Francisco Krajcik','my business',NULL,'randerson@example.com',NULL,'$2y$12$w3LM77NdE2mTemMxPb08e.Wls6m/mI22bcNLd84KbDgLmMIMcNa96',0,'1G3BDV7QNu','2025-05-04 23:43:40','2025-05-04 23:43:40');
INSERT INTO users VALUES(9,'Dr. Sterling D''Amore','my business',NULL,'lakin.alfonzo@example.org',NULL,'$2y$12$w3LM77NdE2mTemMxPb08e.Wls6m/mI22bcNLd84KbDgLmMIMcNa96',0,'ml9VZMbuhU','2025-05-04 23:43:40','2025-05-04 23:43:40');
INSERT INTO users VALUES(10,'Miss Ayla Hermiston','my business',NULL,'cole.karli@example.com',NULL,'$2y$12$w3LM77NdE2mTemMxPb08e.Wls6m/mI22bcNLd84KbDgLmMIMcNa96',0,'E4T02Drq0D','2025-05-04 23:43:41','2025-05-04 23:43:41');
INSERT INTO users VALUES(11,'Test User','my business',NULL,'test@example.com',NULL,'$2y$12$w3LM77NdE2mTemMxPb08e.Wls6m/mI22bcNLd84KbDgLmMIMcNa96',1,'qoQ24jbap9','2025-05-04 23:43:41','2025-05-04 23:43:41');
INSERT INTO users VALUES(12,'User User','my business',NULL,'user@example.com',NULL,'$2y$12$w3LM77NdE2mTemMxPb08e.Wls6m/mI22bcNLd84KbDgLmMIMcNa96',0,'xKOhH5385Z','2025-05-04 23:43:41','2025-05-04 23:43:41');
INSERT INTO users VALUES(13,'Kim Nathan','my business',NULL,'kim@example.com',NULL,'$2y$12$w3LM77NdE2mTemMxPb08e.Wls6m/mI22bcNLd84KbDgLmMIMcNa96',0,'sNOPQ3pWs8','2025-05-04 23:43:41','2025-05-04 23:43:41');
CREATE TABLE IF NOT EXISTS "password_reset_tokens" ("email" varchar not null, "token" varchar not null, "created_at" datetime, primary key ("email"));
CREATE TABLE IF NOT EXISTS "sessions" ("id" varchar not null, "user_id" integer, "ip_address" varchar, "user_agent" text, "payload" text not null, "last_activity" integer not null, primary key ("id"));
INSERT INTO sessions VALUES('Dsz1ARl5gAYqrpICrdTuEyjgvqbLXdCp6seU0CkM',11,'127.0.0.1','Mozilla/5.0 (Windows NT 10.0; Win64; x64) AppleWebKit/537.36 (KHTML, like Gecko) Chrome/136.0.0.0 Safari/537.36 Edg/136.0.0.0','YTo2OntzOjY6Il90b2tlbiI7czo0MDoidTg0VkduNlp6cnMwUFU2MndBVFAyVE5iUm1aeEhqRHd6RjRCbzJVbyI7czozOiJ1cmwiO2E6MDp7fXM6OToiX3ByZXZpb3VzIjthOjE6e3M6MzoidXJsIjtzOjQyOiJodHRwOi8vMTI3LjAuMC4xOjgwMDAvYWRtaW4vYWRkLXF1ZXN0aW9uLzEiO31zOjY6Il9mbGFzaCI7YToyOntzOjM6Im9sZCI7YTowOnt9czozOiJuZXciO2E6MDp7fX1zOjUwOiJsb2dpbl93ZWJfNTliYTM2YWRkYzJiMmY5NDAxNTgwZjAxNGM3ZjU4ZWE0ZTMwOTg5ZCI7aToxMTtzOjExOiJxdWVzdGlvbl9pZCI7aToxODt9',1746410851);
INSERT INTO sessions VALUES('hSp0XRihQd2VcAqGkBvgay6HiBigM2cFMyoG6x0p',11,'127.0.0.1','Mozilla/5.0 (Windows NT 10.0; Win64; x64) AppleWebKit/537.36 (KHTML, like Gecko) Chrome/136.0.0.0 Safari/537.36 Edg/136.0.0.0','YTo2OntzOjY6Il90b2tlbiI7czo0MDoicjlFMWZuanZia1JBU1lhUDVnenc1Qm1XcklYdEQ4U2Q4NlBuajloaCI7czozOiJ1cmwiO2E6MDp7fXM6OToiX3ByZXZpb3VzIjthOjE6e3M6MzoidXJsIjtzOjQyOiJodHRwOi8vMTI3LjAuMC4xOjgwMDAvYWRtaW4vYWRkLXF1ZXN0aW9uLzEiO31zOjY6Il9mbGFzaCI7YToyOntzOjM6Im9sZCI7YTowOnt9czozOiJuZXciO2E6MDp7fX1zOjUwOiJsb2dpbl93ZWJfNTliYTM2YWRkYzJiMmY5NDAxNTgwZjAxNGM3ZjU4ZWE0ZTMwOTg5ZCI7aToxMTtzOjExOiJxdWVzdGlvbl9pZCI7aToyMTt9',1746452133);
CREATE TABLE IF NOT EXISTS "cache" ("key" varchar not null, "value" text not null, "expiration" integer not null, primary key ("key"));
CREATE TABLE IF NOT EXISTS "cache_locks" ("key" varchar not null, "owner" varchar not null, "expiration" integer not null, primary key ("key"));
CREATE TABLE IF NOT EXISTS "jobs" ("id" integer primary key autoincrement not null, "queue" varchar not null, "payload" text not null, "attempts" integer not null, "reserved_at" integer, "available_at" integer not null, "created_at" integer not null);
CREATE TABLE IF NOT EXISTS "job_batches" ("id" varchar not null, "name" varchar not null, "total_jobs" integer not null, "pending_jobs" integer not null, "failed_jobs" integer not null, "failed_job_ids" text not null, "options" text, "cancelled_at" integer, "created_at" integer not null, "finished_at" integer, primary key ("id"));
CREATE TABLE IF NOT EXISTS "failed_jobs" ("id" integer primary key autoincrement not null, "uuid" varchar not null, "connection" text not null, "queue" text not null, "payload" text not null, "exception" text not null, "failed_at" datetime not null default CURRENT_TIMESTAMP);
CREATE TABLE IF NOT EXISTS "personal_access_tokens" ("id" integer primary key autoincrement not null, "tokenable_type" varchar not null, "tokenable_id" integer not null, "name" varchar not null, "token" varchar not null, "abilities" text, "last_used_at" datetime, "expires_at" datetime, "created_at" datetime, "updated_at" datetime);
CREATE TABLE IF NOT EXISTS "categories" ("id" integer primary key autoincrement not null, "name" varchar not null, "description" varchar not null, "created_at" datetime, "updated_at" datetime);
INSERT INTO categories VALUES(1,'Amet necessitatibus.','Architecto nesciunt accusantium iste labore dignissimos sit facere. Voluptatem quam maiores sint quae. Quae deserunt non fugit sit enim. Commodi debitis fugiat eum esse quod beatae quasi. Incidunt ab libero sapiente praesentium est nesciunt qui.','2025-05-04 23:43:42','2025-05-04 23:43:42');
INSERT INTO categories VALUES(2,'Eius non.','Corrupti non quidem error dolorem. Est ut illum sit. Et provident incidunt ut molestiae placeat nam. Vero incidunt consequatur eveniet eligendi quia quia dignissimos. Nam quo et sed qui. Aut quidem officiis voluptatem occaecati consequuntur saepe sunt delectus. Recusandae sed eum voluptatem magni quia.','2025-05-04 23:43:42','2025-05-04 23:43:42');
INSERT INTO categories VALUES(3,'Quia.','Doloribus explicabo magni qui tempora autem nihil dolores. Repellat corporis velit sunt in et. Ipsa totam corporis consequatur nihil quis dolor. Aut atque consequatur unde voluptas. Et recusandae minus distinctio veniam corporis qui. Quas qui minus quibusdam et laudantium velit possimus voluptate.','2025-05-04 23:43:42','2025-05-04 23:43:42');
INSERT INTO categories VALUES(4,'Excepturi voluptatem.','Illum nulla quis quia deserunt quidem quo iusto. Ut ut cupiditate beatae fugit consequuntur odit neque. Animi asperiores a accusantium quae occaecati sunt. Consequatur dolores magni distinctio totam. Saepe libero quam rerum quisquam totam voluptas et. Voluptates adipisci dolorem molestiae est aut et. Impedit quisquam ut non in nisi et.','2025-05-04 23:43:42','2025-05-04 23:43:42');
INSERT INTO categories VALUES(5,'Non ex.','Fuga et incidunt cupiditate autem et qui vero. Voluptas et officiis et dolorem. Sed doloribus similique quasi assumenda dolorem ipsum. Aut et magnam qui corrupti itaque amet sed. Repudiandae laboriosam inventore molestias possimus est occaecati. Ut dolore et illum consequatur id.','2025-05-04 23:43:42','2025-05-04 23:43:42');
INSERT INTO categories VALUES(6,'Tempore laborum.','Aut error voluptas quidem ducimus. Explicabo unde dicta fugit dolorem repellendus labore. Et consequatur delectus eligendi adipisci esse doloremque. Dolore assumenda voluptas illo mollitia.','2025-05-04 23:43:43','2025-05-04 23:43:43');
INSERT INTO categories VALUES(7,'Ut porro.','Dolor quis sit nostrum et autem. In beatae eaque est nemo placeat nemo illo. Iure inventore aut sit aut facere ut minima. Aliquam impedit temporibus sit animi rerum sit dolor. A a modi a at. Et eius omnis quia corrupti tempore quidem sint odio. Excepturi impedit modi reiciendis velit enim distinctio harum.','2025-05-04 23:43:43','2025-05-04 23:43:43');
INSERT INTO categories VALUES(8,'Voluptatem laborum.','Mollitia quo sed fuga cum. Est totam fugiat debitis id. Aut voluptas magnam non vitae. Ut distinctio sed et distinctio omnis consequatur. Consequuntur dignissimos totam ut. Sint temporibus occaecati qui voluptatibus in sapiente velit asperiores.','2025-05-04 23:43:43','2025-05-04 23:43:43');
INSERT INTO categories VALUES(9,'Perspiciatis.','Iusto velit quidem fugiat eius omnis facere explicabo. Consectetur necessitatibus quia quo molestiae laboriosam eveniet est. Ducimus ut mollitia omnis sequi ut aspernatur ipsam reprehenderit. Quis ut cum iure. Omnis totam neque voluptatum voluptas distinctio id ea. Nam quaerat quaerat exercitationem qui in. Qui rerum nulla expedita maiores.','2025-05-04 23:43:43','2025-05-04 23:43:43');
INSERT INTO categories VALUES(10,'Aliquid itaque.','Qui et illum amet itaque accusamus quia. Ex fugiat accusamus possimus. Voluptatem totam laborum repudiandae quia saepe qui. Impedit qui dolor temporibus quia. Voluptatem praesentium id et neque mollitia laborum sunt. Qui numquam fuga repellat qui.','2025-05-04 23:43:44','2025-05-04 23:43:44');
CREATE TABLE IF NOT EXISTS "posts" ("id" integer primary key autoincrement not null, "title" varchar not null, "description" text not null, "image" text, "category_id" integer not null, "user_id" integer not null, "created_at" datetime, "updated_at" datetime, foreign key("category_id") references "categories"("id") on delete cascade on update cascade, foreign key("user_id") references "users"("id") on delete cascade on update cascade);
INSERT INTO posts VALUES(1,'Incidunt voluptatem magni.','Libero ratione similique quae. At ut impedit ullam dolor. Impedit molestias enim eos quod. Dolorem non praesentium quasi eaque.',NULL,1,8,'2025-05-04 23:43:44','2025-05-04 23:43:44');
INSERT INTO posts VALUES(2,'Dignissimos quaerat voluptatem vero.','Vel qui enim quos qui est recusandae veritatis. Labore vel dolore odit commodi quo praesentium ut. Numquam hic rerum deleniti quidem saepe numquam. Consectetur placeat eveniet quae ullam qui repudiandae. Asperiores blanditiis recusandae impedit quo temporibus. Sunt earum ratione incidunt beatae sunt.',NULL,2,6,'2025-05-04 23:43:44','2025-05-04 23:43:44');
INSERT INTO posts VALUES(3,'Omnis dolorum reiciendis.','Voluptatem est et beatae tempore. Dolores maxime minus aut veniam consectetur libero. Ut veniam rerum error esse ipsa ea et vel. Sapiente deserunt eveniet veritatis officia deserunt eos magnam. Nisi vitae eveniet minus rerum. Beatae inventore suscipit qui suscipit esse et.',NULL,8,10,'2025-05-04 23:43:44','2025-05-04 23:43:44');
INSERT INTO posts VALUES(4,'Unde et repudiandae.','Error ut dolores maiores aperiam amet. Corrupti laudantium deleniti ullam voluptas quis. Perspiciatis cupiditate sit molestiae vitae molestiae voluptatibus maiores. Quod natus sequi impedit dolor ut minus quaerat. Enim enim aut maiores at vero adipisci.',NULL,9,8,'2025-05-04 23:43:45','2025-05-04 23:43:45');
INSERT INTO posts VALUES(5,'Quae quos inventore corrupti.','Aut repudiandae incidunt non magnam dolore asperiores corrupti. Officia ratione aut consectetur iusto. Quaerat perspiciatis earum aut ipsa magnam ut ut. Autem quos amet ducimus voluptas veniam veritatis et. Ea eum laborum expedita expedita consequatur sed. Sit esse cupiditate omnis accusamus odio enim cupiditate.',NULL,8,10,'2025-05-04 23:43:45','2025-05-04 23:43:45');
INSERT INTO posts VALUES(6,'Alias magni vel ut.','Est dolor voluptatibus vitae similique error porro et. Mollitia est sequi voluptatem molestiae. Possimus et aspernatur aliquam doloremque quia. Nemo assumenda tenetur aut incidunt dolorum. Voluptate ut doloribus et provident ipsa mollitia. Praesentium perspiciatis fugiat expedita impedit magnam nam sed.',NULL,9,5,'2025-05-04 23:43:45','2025-05-04 23:43:45');
INSERT INTO posts VALUES(7,'Est dolorem perspiciatis.','Accusantium nostrum corporis nemo. Deleniti quod sequi qui quo incidunt qui reiciendis provident. Repellat sit mollitia sequi aliquid rerum eos incidunt unde. Porro odio nostrum incidunt distinctio quia deserunt. Laudantium sunt ut et molestiae laborum cumque aperiam assumenda. Sed aliquid architecto sequi aut non tempore.',NULL,9,10,'2025-05-04 23:43:45','2025-05-04 23:43:45');
INSERT INTO posts VALUES(8,'Consequatur fugiat molestias.','Quis blanditiis aut esse sit. Facere dolor voluptates nemo et optio nihil. Qui nobis praesentium recusandae et. Voluptates perspiciatis nulla magnam enim deleniti dicta. Odio a minus ut ex provident. Sit placeat quam eum sed.',NULL,10,1,'2025-05-04 23:43:45','2025-05-04 23:43:45');
INSERT INTO posts VALUES(9,'Quia voluptas.','Iusto architecto doloribus deserunt vero. Vero soluta dolorem ducimus ea eligendi quis blanditiis. Voluptatem ut provident molestias nam ut ut ut commodi. Nulla alias sint et voluptate sapiente necessitatibus possimus. Unde quis voluptatem voluptatem ab eos. Magnam dolorum alias nisi nesciunt excepturi. Est illo quaerat ducimus qui.',NULL,10,4,'2025-05-04 23:43:45','2025-05-04 23:43:45');
INSERT INTO posts VALUES(10,'Recusandae voluptatum et.','Aperiam vel quo quos mollitia. Qui tempore nam voluptatem corporis expedita facere inventore harum. Minus nihil voluptas culpa odio laudantium. Quod ea est consequatur. Explicabo aliquid sed alias ex.',NULL,1,4,'2025-05-04 23:43:46','2025-05-04 23:43:46');
CREATE TABLE IF NOT EXISTS "events" ("id" integer primary key autoincrement not null, "title" varchar not null, "description" text not null, "url" varchar, "image" text, "start" date not null default '2025-05-04 23:43:29', "end" date not null default '2025-05-04 23:43:29', "created_at" datetime, "updated_at" datetime);
INSERT INTO events VALUES(1,'A perspiciatis perferendis.','Ex temporibus et magnam in et est fugit autem. Fugiat culpa dolores nihil earum. Ratione eaque tenetur facere ut assumenda recusandae. Nihil cumque pariatur quo est quia tenetur dolorem. Quo similique vitae earum laboriosam deleniti voluptatum ad distinctio. Accusamus aliquam sed dolores dolorem qui fugiat numquam ipsum.','http://hoeger.com/',NULL,'2008-06-02','2012-07-13','2025-05-04 23:43:46','2025-05-04 23:43:46');
INSERT INTO events VALUES(2,'Magni ullam ut voluptas.','Accusamus iste qui similique consequatur voluptates consequuntur. Rerum molestias accusamus et. Aspernatur sed perspiciatis iste quia tempore. Vero culpa molestiae qui labore. Nemo consequuntur recusandae soluta consequuntur esse maiores debitis. Error quis eligendi odio quaerat.','http://franecki.org/officia-ut-quia-veritatis-ab-eum',NULL,'2007-10-14','2015-03-20','2025-05-04 23:43:46','2025-05-04 23:43:46');
INSERT INTO events VALUES(3,'Iste sint voluptas voluptates.','Maiores aut velit consequatur earum. Asperiores id ut nostrum non. Sit sequi omnis consequatur facere soluta molestiae. Quisquam deleniti corrupti magni.','http://treutel.biz/',NULL,'1979-05-13','1976-06-13','2025-05-04 23:43:46','2025-05-04 23:43:46');
INSERT INTO events VALUES(4,'Quibusdam et voluptatem assumenda.','Sunt qui in quae odio nulla. Omnis ea natus repudiandae. Velit dignissimos esse enim nemo similique. Sequi impedit est est modi id ut doloribus.','http://www.bernhard.com/nemo-nisi-porro-quidem-voluptatem-rerum-ex-quo-modi.html',NULL,'2012-10-26','1986-09-10','2025-05-04 23:43:46','2025-05-04 23:43:46');
INSERT INTO events VALUES(5,'Est delectus et.','Dolor maxime ut odit dicta deserunt similique. Deleniti quia aliquam omnis sequi aspernatur explicabo necessitatibus recusandae. Repellendus pariatur iure aperiam vitae rem inventore. Ipsa dicta ipsa libero facere quod delectus officia.','http://www.kovacek.com/',NULL,'2017-06-23','1981-07-23','2025-05-04 23:43:46','2025-05-04 23:43:46');
CREATE TABLE IF NOT EXISTS "resources" ("id" integer primary key autoincrement not null, "title" varchar not null, "description" text not null, "url" varchar, "file" text not null, "type" varchar check ("type" in ('video', 'image', 'document')) not null, "created_at" datetime, "updated_at" datetime);
CREATE TABLE IF NOT EXISTS "services" ("id" integer primary key autoincrement not null, "title" varchar not null, "description" text not null, "image" text, "user_id" integer not null, "created_at" datetime, "updated_at" datetime, foreign key("user_id") references "users"("id") on delete cascade on update cascade);
CREATE TABLE IF NOT EXISTS "podcasts" ("id" integer primary key autoincrement not null, "title" varchar not null, "description" text not null, "audio" text, "category_id" integer not null, "user_id" integer not null, "created_at" datetime, "updated_at" datetime, foreign key("category_id") references "categories"("id") on delete cascade on update cascade, foreign key("user_id") references "users"("id") on delete cascade on update cascade);
CREATE TABLE IF NOT EXISTS "quizzes" ("id" integer primary key autoincrement not null, "name" varchar not null, "description" varchar not null, "created_at" datetime, "updated_at" datetime);
INSERT INTO quizzes VALUES(1,'my quiz','tesing quiz','2025-05-04 23:50:18','2025-05-04 23:50:18');
CREATE TABLE IF NOT EXISTS "questions" ("id" integer primary key autoincrement not null, "question_text" text not null, "quiz_id" integer not null, "created_at" datetime, "updated_at" datetime, foreign key("quiz_id") references "quizzes"("id") on delete cascade on update cascade);
INSERT INTO questions VALUES(1,'what are you?',1,'2025-05-04 23:51:02','2025-05-04 23:51:02');
INSERT INTO questions VALUES(2,'what are you?',1,'2025-05-04 23:51:12','2025-05-04 23:51:12');
INSERT INTO questions VALUES(3,'what is crane',1,'2025-05-05 00:23:20','2025-05-05 00:23:20');
INSERT INTO questions VALUES(4,'what is cranebbvbb',1,'2025-05-05 00:35:14','2025-05-05 00:35:14');
INSERT INTO questions VALUES(5,'where is the man',1,'2025-05-05 01:04:35','2025-05-05 01:04:35');
INSERT INTO questions VALUES(6,'is it black',1,'2025-05-05 01:08:38','2025-05-05 01:08:38');
INSERT INTO questions VALUES(7,'Nimueh is a wiz',1,'2025-05-05 01:16:59','2025-05-05 01:16:59');
INSERT INTO questions VALUES(8,'Paste your CSV data here or use the sample data button',1,'2025-05-05 01:19:45','2025-05-05 01:19:45');
INSERT INTO questions VALUES(9,'Would you like me to enhance these features further? For',1,'2025-05-05 01:21:27','2025-05-05 01:21:27');
INSERT INTO questions VALUES(10,'Would you like me to enhance these features further? For',1,'2025-05-05 01:24:46','2025-05-05 01:24:46');
INSERT INTO questions VALUES(11,'uswrs profile',1,'2025-05-05 01:33:39','2025-05-05 01:33:39');
INSERT INTO questions VALUES(12,'uswrs profile',1,'2025-05-05 01:34:09','2025-05-05 01:34:09');
INSERT INTO questions VALUES(13,'wiil there',1,'2025-05-05 01:37:01','2025-05-05 01:37:01');
INSERT INTO questions VALUES(14,'sing a sn',1,'2025-05-05 01:41:48','2025-05-05 01:41:48');
INSERT INTO questions VALUES(15,'sing a sn',1,'2025-05-05 01:42:20','2025-05-05 01:42:20');
INSERT INTO questions VALUES(16,'amen is',1,'2025-05-05 01:43:56','2025-05-05 01:43:56');
INSERT INTO questions VALUES(17,'amen is need',1,'2025-05-05 01:46:10','2025-05-05 01:46:10');
INSERT INTO questions VALUES(18,'amen is need',1,'2025-05-05 01:47:31','2025-05-05 01:47:31');
INSERT INTO questions VALUES(19,'what is a dog',1,'2025-05-05 13:16:10','2025-05-05 13:16:10');
INSERT INTO questions VALUES(20,'Thedog is fine',1,'2025-05-05 13:33:29','2025-05-05 13:33:29');
INSERT INTO questions VALUES(21,'Thedog is fine',1,'2025-05-05 13:33:52','2025-05-05 13:33:52');
CREATE TABLE IF NOT EXISTS "options" ("id" integer primary key autoincrement not null, "question_id" integer not null, "option_text" varchar not null, "option_label" varchar check ("option_label" in ('A', 'B', 'C', 'D')) not null, "is_correct" tinyint(1) not null default '0', "created_at" datetime, "updated_at" datetime, foreign key("question_id") references "questions"("id") on delete cascade on update cascade);
INSERT INTO options VALUES(1,10,'m,kssk','A',1,'2025-05-05 01:38:11','2025-05-05 01:38:11');
INSERT INTO options VALUES(2,10,'jjcnxmz,','D',0,'2025-05-05 01:40:14','2025-05-05 01:40:14');
INSERT INTO options VALUES(3,10,'jjcnxmz,','D',0,'2025-05-05 01:40:15','2025-05-05 01:40:15');
INSERT INTO options VALUES(4,13,'jjjs','A',0,'2025-05-05 01:42:31','2025-05-05 01:42:31');
INSERT INTO options VALUES(5,19,'fione','A',0,'2025-05-05 13:35:18','2025-05-05 13:35:18');
INSERT INTO options VALUES(6,19,'gfi','B',0,'2025-05-05 13:35:25','2025-05-05 13:35:25');
INSERT INTO options VALUES(7,19,'hbdhj','C',1,'2025-05-05 13:35:29','2025-05-05 13:35:29');
INSERT INTO options VALUES(8,19,'jhbshbs','D',0,'2025-05-05 13:35:33','2025-05-05 13:35:33');
DELETE FROM sqlite_sequence;
INSERT INTO sqlite_sequence VALUES('migrations',190);
INSERT INTO sqlite_sequence VALUES('users',13);
INSERT INTO sqlite_sequence VALUES('categories',10);
INSERT INTO sqlite_sequence VALUES('posts',10);
INSERT INTO sqlite_sequence VALUES('events',5);
INSERT INTO sqlite_sequence VALUES('quizzes',1);
INSERT INTO sqlite_sequence VALUES('questions',21);
INSERT INTO sqlite_sequence VALUES('options',8);
CREATE UNIQUE INDEX "users_email_unique" on "users" ("email");
CREATE INDEX "sessions_user_id_index" on "sessions" ("user_id");
CREATE INDEX "sessions_last_activity_index" on "sessions" ("last_activity");
CREATE INDEX "jobs_queue_index" on "jobs" ("queue");
CREATE UNIQUE INDEX "failed_jobs_uuid_unique" on "failed_jobs" ("uuid");
CREATE INDEX "personal_access_tokens_tokenable_type_tokenable_id_index" on "personal_access_tokens" ("tokenable_type", "tokenable_id");
CREATE UNIQUE INDEX "personal_access_tokens_token_unique" on "personal_access_tokens" ("token");
COMMIT;
